{"textures":{"0":"mcc:island_lobby/general/props_construction","particle":"mcc:island_lobby/general/props_construction"},"elements":[{"from":[-9.58134,2.0,3.10476],"to":[25.41866,4.0,10.10476],"rotation":{"angle":22.5,"axis":"y","origin":[5.91866,1.5,6.60476]},"faces":{"north":{"uv":[0.0,4.875,4.375,5.125],"texture":"#0"},"east":{"uv":[0.875,5.125,0.0,5.375],"texture":"#0"},"south":{"uv":[0.0,4.875,4.375,5.125],"texture":"#0"},"west":{"uv":[0.0,5.125,0.875,5.375],"texture":"#0"},"up":{"uv":[0.0,4.0,4.375,4.875],"texture":"#0"},"down":{"uv":[0.0,4.0,4.375,4.875],"texture":"#0","rotation":180}}},{"from":[-8.81597,0.0,-0.04748],"to":[26.18403,2.0,6.95252],"rotation":{"angle":0.0,"axis":"y","origin":[6.68403,1.0,4.45252]},"faces":{"north":{"uv":[0.0,4.875,4.375,5.125],"texture":"#0"},"east":{"uv":[0.875,5.125,0.0,5.375],"texture":"#0"},"south":{"uv":[0.0,4.875,4.375,5.125],"texture":"#0"},"west":{"uv":[0.0,5.125,0.875,5.375],"texture":"#0"},"up":{"uv":[0.0,4.0,4.375,4.875],"texture":"#0"},"down":{"uv":[0.0,4.0,4.375,4.875],"texture":"#0","rotation":180}}},{"from":[-10.81597,0.0,7.95252],"to":[24.18403,2.0,14.95252],"rotation":{"angle":0.0,"axis":"y","origin":[6.68403,1.0,11.45252]},"faces":{"north":{"uv":[0.0,4.875,4.375,5.125],"texture":"#0"},"east":{"uv":[0.875,5.125,0.0,5.375],"texture":"#0"},"south":{"uv":[0.0,4.875,4.375,5.125],"texture":"#0"},"west":{"uv":[0.0,5.125,0.875,5.375],"texture":"#0"},"up":{"uv":[0.0,4.0,4.375,4.875],"texture":"#0"},"down":{"uv":[0.0,4.0,4.375,4.875],"texture":"#0","rotation":180}}}],"display":{"thirdperson_righthand":{"translation":[0.0,1.0,-1.0],"rotation":[63.0,34.0,0.0],"scale":[0.37891,0.37891,0.37891]},"thirdperson_lefthand":{"translation":[0.0,1.0,-1.0],"rotation":[63.0,34.0,0.0],"scale":[0.37891,0.37891,0.37891]},"firstperson_righthand":{"translation":[9.5,0.0,-5.75],"rotation":[3.0,112.0,-13.0],"scale":[0.35547,0.35547,0.35547]},"firstperson_lefthand":{"translation":[9.5,0.0,-5.75],"rotation":[3.0,112.0,-13.0],"scale":[0.35547,0.35547,0.35547]},"ground":{"translation":[0.0,4.25,0.0],"scale":[0.28906,0.28906,0.28906]},"gui":{"translation":[-0.25,-0.25,0.0],"rotation":[30.0,-158.0,0.0],"scale":[0.56992,0.56992,0.56992]},"head":{"translation":[0.0,-30.25,0.0],"scale":[1.6,1.6,1.6]},"fixed":{"translation":[0.0,-3.25,-7.5]}},"credit":"Made with Blockbench"}